,word,count
4,knave,2
12,spake,6
13,wordsmith,4
41,tween,2
45,gou,3
70,gruelling,3
85,underlight,2
101,hogans,2
105,racy,11
117,skimpy,23
118,sawhorse,3
123,tucking,3
128,tickled,49
134,nevertheless,2
137,whereas,4
162,crunches,2
163,reversi,9
171,contortionist,4
205,borning,2
207,jockstrap,4
210,supposedly,2
248,bombshell,19
284,virtue,5
285,coiling,2
287,gyal,2
288,chaka,2
292,midshipman,2
301,cheongsam,11
308,lamia,3
370,orgy,3
397,confess,2
403,workaholic,2
407,noncommittal,2
410,dashiki,4
456,pantyhose,28
500,unclothed,3
503,naiad,4
522,haut,2
524,cleavage,14
527,unequivocal,3
538,flustered,4
543,placate,2
601,cancerous,2
608,cellist,2
610,rocketeer,5
611,damsel,4
621,precariously,2
627,deg,8
635,merman,14
639,impractical,2
692,supine,3
705,defiling,6
720,fuddled,2
750,squishing,2
753,masseuse,3
757,accusation,2
766,ticklish,3
771,sarong,7
783,manliness,3
790,gotch,2
791,fakir,2
805,clubbing,2
818,infuriating,2
819,histology,9
841,knockers,6
857,sugi,2
874,forfeit,2
876,expulsion,2
901,fucking,2
905,hoho,2
916,thrashed,2
940,difficulty,3
942,nymphet,2
973,lascivious,8
975,pennyworth,2
1010,decolletage,3
1031,tejano,2
1088,swam,3
1089,retrieve,2
1090,reclined,4
1103,seducer,2
1121,kundalini,3
1142,interdependence,2
1147,dapped,3
1151,cadaver,3
1152,venere,3
1175,laugher,2
1206,naturist,4
1211,inhaler,3
1215,banya,2
1216,bearish,6
1217,invigorate,3
1288,intersex,2
1289,zaftig,4
1300,recumbent,3
1301,flagpole,2
1313,hydrosphere,3
1325,blading,2
1362,comely,3
1366,pulchritudinous,3
1368,undergarment,2
1397,dichotomy,3
1398,muddle,2
1402,lawless,11
1408,extant,2
1429,gallium,4
1432,stupendous,2
1433,seam,2
1436,lured,2
1444,similitude,2
1448,muumuu,2
1467,slain,2
1492,moonbow,7
1504,transgressive,2
1526,potbellied,2
1538,bachelorette,3
1543,temptress,5
1556,bacchanalian,3
1557,outtake,3
1559,concubine,2
1580,duchy,2
1601,busty,11
1613,skein,2
1614,conceive,2
1641,mestiza,2
1660,massaging,6
1668,nucha,2
1675,exotica,2
1708,waistband,3
1753,homoeroticism,2
1797,catatonic,7
1800,recession,3
1801,ramping,2
1802,weightlifter,36
1831,psychologic,2
1875,mangal,2
1896,motherly,2
1908,ultraviolent,2
1918,caulking,2
1954,notification,2
1970,pranking,2
1971,succubi,5
1981,cire,3
1993,cannister,2
1999,froglet,2
2019,batoon,2
2058,ripeness,2
2078,violoncello,2
2080,evicted,2
2098,divorced,2
2102,hermaphrodite,2
2106,await,3
2109,neigh,2
2129,asbestos,2
2144,charmed,9
2155,ravishing,2
2214,prower,2
2232,superfine,4
2272,recreating,2
2299,luxe,2
2308,gladiolus,2
2318,blackcoat,2
2324,archon,2
2334,demeanor,5
2350,sanatarium,3
2384,saxifrage,2
2387,sweeting,2
2390,titillation,2
2412,saron,2
2418,plastering,2
2423,xiii,6
2437,overtime,2
2452,pauper,5
2480,peekaboo,3
2506,perchance,2
2533,jiggle,2
2553,soared,2
2640,sitar,3
2660,sparring,3
2669,seductress,2
2695,rollers,2
2723,bratty,2
2822,cuffed,2
2831,hipshot,2
2838,combing,2
2856,endurance,2
2865,totality,2
2875,cervix,5
2882,gaining,2
2898,shrewd,5
2914,negotiator,2
2927,pilling,5
2984,gumshoe,2
2985,zaftig,5
2990,plucking,4
2999,frieze,4
3005,quantized,2
3015,wench,4
3021,allergic,4
3022,quench,2
3036,illusionist,2
3047,genteel,2
3048,recollection,3
3064,absorption,2
3067,evaluate,2
3073,incorrect,5
3090,ringer,2
3093,wink,5
3116,slain,3
3119,outcome,2
3124,pudendum,2
3132,hypnotising,2
3168,darkskin,2
3171,bustier,10
3183,shawls,2
3211,raunchy,2
3216,unclad,6
3220,peignoir,8
3225,ferme,2
3226,fixe,2
3246,unarmed,3
3247,sampling,2
3277,foresight,2
3318,intuit,7
3321,morth,2
3326,indifference,3
3334,musicality,7
3364,shyness,6
3371,amalgam,2
3389,eh,2
3444,tying,2
3482,blackguard,3
3489,planner,2
3520,mer,3
3546,nonchalant,2
3570,fellate,2
3623,unmentionables,3
3624,amorous,3
3653,retribution,2
3657,dominant,4
3662,purring,2
3686,fingered,2
3706,inordinate,2
3708,slathering,11
3709,leggy,8
3724,bifocals,3
3732,unpainted,2
3739,juxtapose,2
3760,supernumerary,2
3764,revising,2
3776,trademark,2
3787,mystified,2
3795,areola,2
3811,bittersweet,2
3812,inept,2
3817,erase,2
3820,flimsy,2
3830,raze,2
3862,snuggle,8
3883,skyrocket,2
3899,suntan,4
3909,unisex,2
3910,negligee,4
3912,plumper,2
3950,hedonic,2
3990,melodramatic,2
4004,barefooted,2
4049,woosh,2
4053,somniferous,3
4055,marksman,2
4057,rubby,2
4075,gull,2
4090,intimidated,3
4149,riviere,2
4168,unbound,3
4181,ichor,2
4184,baptismal,3
4192,multiracial,2
4207,gaed,2
4234,eugenics,2
4237,competent,2
4240,accentuate,3
4304,moly,2
4320,hurling,2
4337,cabling,2
4351,padi,2
4368,mediator,2
4380,opacity,2
4390,lifter,2
4394,rosed,2
4397,hurter,2
4434,clapperboard,2
4446,spoony,2
4502,nudist,2
4504,extatic,2
4615,pogrom,3
4616,chaste,5
4627,loosen,17
4628,narcissistic,2
4646,supersaturated,4
4659,diss,2
4673,umm,2
4677,coloratura,6
4678,pleat,11
4703,lashed,3
4721,bosomy,3
4728,yoked,2
4755,amarine,2
4761,prostrate,7
4762,hindquarters,2
4770,discourse,2
4775,rife,4
4821,zingy,4
4866,turnbuckle,2
4867,leathers,2
4946,motto,2
4957,piscine,4
4978,feisty,3
5005,betrayer,2
5028,retroactive,2
5079,charmed,2
5174,glitzy,2
5191,submerge,2
5222,futuro,2
5278,gawky,3
5288,psychoanalysis,2
5303,akimbo,2
5311,pombo,2
5356,pectoral,2
5360,androginous,2
5404,hora,6
5406,teather,2
5409,marrow,2
5417,eschatology,2
5439,skol,2
5456,golder,2
5461,assurance,2
5477,versa,2
5489,tiddy,2
5495,mnemonic,2
5531,influenza,2
5532,vulgar,2
5535,appeal,5
5592,grandiloquent,3
5593,enthralling,3
5607,peremptory,2
5608,contrite,4
5676,boogerman,3
5688,prescience,3
5705,masseur,4
5724,spelunking,2
5743,mouser,5
5745,polster,2
5753,strides,2
5770,patter,2
5785,rectified,2
5803,ideo,2
5826,crinkly,2
5852,raped,2
5861,refurbished,2
5871,praetor,2
5898,stud,2
5922,entwine,2
5930,leant,2
5932,convivial,2
5958,memorabilia,2
5988,weirdies,2
6004,hobbyist,2
6016,informer,2
6033,jai,2
6040,boon,5
6056,demigoddess,2
6080,diligent,2
6103,smoother,2
6110,longtail,2
6118,converging,2
6125,recess,3
6136,clout,2
6144,hyperintelligent,2
