Article                                                                       ,Image Count ,Emissions
/wiki/Mountain_bike_racing                                                    ,         12 ,-999
/wiki/Sports_governing_body                                                   ,         13 ,-999
/wiki/Team_physician                                                          ,         16 ,-999
/wiki/Oral_medicine                                                           ,         15 ,-999
/wiki/Odontogenic_tumours                                                     ,          9 ,-999
/wiki/Odontoma                                                                ,          7 ,-999
/wiki/Hamartoma                                                               ,         11 ,-999
/wiki/PTEN_(gene)                                                             ,         17 ,-999
/wiki/PTCH1                                                                   ,         17 ,-999
/wiki/NORBA                                                                   ,         13 ,-999
/wiki/National_Aeronautic_Association                                         ,          8 ,-999
/wiki/Aero_Club_of_America                                                    ,         19 ,-999
/wiki/Charles_deForest_Chandler                                               ,         18 ,-999
/wiki/XTERRA_Triathlon                                                        ,          7 ,-999
/wiki/Melanie_McQuaid                                                         ,         18 ,-999
/wiki/Freestyle_wrestling                                                     ,         23 ,-999
/wiki/2024_UCI_Mountain_Bike_season                                           ,       3310 ,-999
/wiki/Dungun_District                                                         ,         20 ,-999
/wiki/Rasau_Kerteh                                                            ,         12 ,-999
/wiki/Elections_in_Terengganu                                                 ,          9 ,-999
/wiki/2023_Kuala_Terengganu_by-election                                       ,         14 ,-999
/wiki/Election_Commission_of_Malaysia                                         ,         17 ,-999
/wiki/Awang_Bemee_Awang_Ali_Basah                                             ,         13 ,-999
/wiki/Most_Exalted_Order_of_the_Star_of_Sarawak                               ,        301 ,-999
/wiki/Shafie_Apdal                                                            ,         26 ,-999
/wiki/Racing                                                                  ,         21 ,-999
/wiki/Pointe_du_Raz                                                           ,         12 ,-999
/wiki/Geography_of_Northern_Cyprus                                            ,         82 ,-999
/wiki/Kormakitis                                                              ,         16 ,-999
/wiki/Agia_Marina_(Skylloura)                                                 ,         13 ,-999
/wiki/Episkopeio                                                              ,         13 ,-999
/wiki/Tseri                                                                   ,         13 ,-999
/wiki/Twenty20                                                                ,        272 ,-999
/wiki/Sri_Lanka_women%27s_national_cricket_team                               ,        108 ,-999
/wiki/Not_Out                                                                 ,          7 ,-999
/wiki/Batting_average_(cricket)                                               ,         88 ,-999
/wiki/New_Zealand_national_cricket_team                                       ,        433 ,-999
/wiki/Italy_national_cricket_team                                             ,         49 ,-999
/wiki/Wicket-keeper                                                           ,         42 ,-999
/wiki/Captain_(cricket)                                                       ,        150 ,-999
/wiki/Navigation                                                              ,         36 ,-999
/wiki/Americas                                                                ,        134 ,-999
/wiki/Evangelicalism                                                          ,         51 ,-999
/wiki/Religious_conversion                                                    ,         18 ,-999
/wiki/List_of_converts_to_Christianity_from_Sikhism                           ,          6 ,-999
/wiki/List_of_converts_to_Hinduism_from_Islam                                 ,         14 ,-999
/wiki/Show_jumping                                                            ,         23 ,-999
/wiki/Potato_race                                                             ,         13 ,-999
"/wiki/Ridgway,_Colorado"                                                     ,         18 ,-999
/wiki/List_of_trails_in_Colorado                                              ,         70 ,-999
/wiki/Colorado_Trail_Foundation                                               ,          9 ,-999
/wiki/Cherry_Creek_State_Park                                                 ,         12 ,-999
/wiki/Canyons_of_the_Ancients_National_Monument                               ,         36 ,-999
/wiki/List_of_military_installations_in_Colorado                              ,         69 ,-999
/wiki/Medical_use_of_cannabis                                                 ,         27 ,-999
/wiki/Gonzales_v._Raich                                                       ,         11 ,-999
/wiki/Dean_Milk_Co._v._City_of_Madison                                        ,          9 ,-999
/wiki/Sledding                                                                ,         17 ,-999
/wiki/Ski-doo                                                                 ,          9 ,-999
/wiki/Typographical_error                                                     ,         12 ,-999
/wiki/Princeton_University                                                    ,         65 ,-999
/wiki/Terrace_Club                                                            ,         18 ,-999
/wiki/Vanessa_Friedman                                                        ,          9 ,-999
/wiki/Cycle_sport                                                             ,         22 ,-999
/wiki/Motorcycle_chariot_racing                                               ,          9 ,-999
/wiki/Orienteering                                                            ,         32 ,-999
/wiki/Soviet_Union                                                            ,        121 ,-999
/wiki/Permanent_members_of_the_United_Nations_Security_Council                ,         34 ,-999
/wiki/Speed                                                                   ,         32 ,-999
/wiki/Specific_angular_momentum                                               ,         64 ,-999
/wiki/Areosynchronous_orbit                                                   ,          7 ,-999
/wiki/Tundra_orbit                                                            ,         30 ,-999
/wiki/Communications_satellite                                                ,         25 ,-999
/wiki/Keirin                                                                  ,         28 ,-999
/wiki/Street_luge                                                             ,         12 ,-999
/wiki/Cart                                                                    ,         34 ,-999
/wiki/Cariole                                                                 ,         11 ,-999
/wiki/Mountain_biking                                                         ,         26 ,-999
/wiki/Transmitter_hunting                                                     ,          8 ,-999
/wiki/Hand_compass                                                            ,         16 ,-999
/wiki/Bunny_hop_(cycling)                                                     ,         23 ,-999
/wiki/Climbing_specialist                                                     ,         36 ,-999
/wiki/Primo%C5%BE_Rogli%C4%8D                                                 ,        445 ,-999
/wiki/La_Covatilla                                                            ,         17 ,-999
/wiki/Snowboard_cross                                                         ,          9 ,-999
/wiki/Downhill_(ski_competition)                                              ,        677 ,-999
/wiki/Kirsten_Clark                                                           ,          7 ,-999
/wiki/Kristin_Clarke                                                          ,         12 ,-999
/wiki/2017%E2%80%9318_curling_season                                          ,        482 ,-999
/wiki/CCAA_Curling_National_Championships                                     ,         52 ,-999
/wiki/MacEwan_University                                                      ,         14 ,-999
/wiki/MacEwan_station                                                         ,        154 ,-999
/wiki/Lewis_Farms_Transit_Centre                                              ,         15 ,-999
"/wiki/Central_McDougall,_Edmonton"                                           ,         13 ,-999
/wiki/Snowshoe_running                                                        ,          9 ,-999
/wiki/International_Snowshoe_Federation                                       ,         13 ,-999
/wiki/Union_Cycliste_Internationale                                           ,         12 ,-999
/wiki/UCI_Road_World_Championships                                            ,        183 ,-999
/wiki/UCI_Road_World_Championships_%E2%80%93_Junior_women%27s_road_race       ,        139 ,-999
/wiki/Cross-country_cycling                                                   ,         13 ,-999
/wiki/Pentacycle                                                              ,          8 ,-999
/wiki/Utility_bicycle                                                         ,         19 ,-999
/wiki/Electromagnetic_induction                                               ,         32 ,-999
/wiki/Surface_integral                                                        ,         53 ,-999
/wiki/Riemannian_volume_form                                                  ,        131 ,-999
/wiki/Sailing_(sport)                                                         ,         20 ,-999
/wiki/Car_orienteering                                                        ,         10 ,-999
/wiki/Archery                                                                 ,         43 ,-999
/wiki/Finger_tab                                                              ,         12 ,-999
/wiki/Recurve_bow                                                             ,         13 ,-999
/wiki/Off-roading                                                             ,         26 ,-999
/wiki/Breakover_angle                                                         ,         13 ,-999
/wiki/Approach_and_departure_angles                                           ,         11 ,-999
/wiki/Continental_tire                                                        ,         22 ,-999
/wiki/Tire                                                                    ,         48 ,-999
/wiki/Constant-velocity_joint                                                 ,         18 ,-999
/wiki/Adler_Trumpf                                                            ,          8 ,-999
/wiki/Frankfurt_am_Main                                                       ,        192 ,-999
/wiki/Ginnheim                                                                ,         17 ,-999
/wiki/Ortsbezirk_(Frankfurt_am_Main)                                          ,         10 ,-999
/wiki/Frankfurter_Berg_(Frankfurt_am_Main)                                    ,         14 ,-999
/wiki/Equestrianism                                                           ,         27 ,-999
/wiki/Grundig                                                                 ,         19 ,-999
/wiki/Lehel_(appliances)                                                      ,          9 ,-999
/wiki/Pars_Khazar                                                             ,          8 ,-999
/wiki/Canoe_sprint                                                            ,         18 ,-999
/wiki/Israel_Canoe_Association                                                ,          9 ,-999
/wiki/List_of_ICF_Canoe_Sprint_World_Championships_medalists_in_men%27s_kayak ,       1286 ,-999
/wiki/Emilian_Zabara                                                          ,          9 ,-999
/wiki/WebCite                                                                 ,          9 ,-999
/wiki/Consortium                                                              ,         12 ,-999
/wiki/Claremont_Colleges                                                      ,         31 ,-999
/wiki/George_C._S._Benson                                                     ,          7 ,-999
/wiki/Harding_College                                                         ,         25 ,-999
/wiki/Greenville_University                                                   ,         19 ,-999
/wiki/Anderson_University_(South_Carolina)                                    ,         22 ,-999
/wiki/Table_tennis                                                            ,         44 ,-999
/wiki/Cycling_at_the_Summer_Olympics                                          ,        351 ,-999
/wiki/Military_exercise_at_the_1900_Summer_Olympics                           ,          8 ,-999
/wiki/Cannon_shooting_at_the_1900_Summer_Olympics                             ,         10 ,-999
/wiki/Four_cross                                                              ,          9 ,-999
/wiki/2021_UCI_Mountain_Bike_season                                           ,       2486 ,-999
/wiki/Catriel_Soto                                                            ,         14 ,-999
/wiki/Cycling_at_the_2015_Pan_American_Games_%E2%80%93_Men%27s_cross-country  ,         49 ,-999
/wiki/Cycling_at_the_2015_Pan_American_Games                                  ,        111 ,-999
/wiki/Hardwood_Ski_and_Bike                                                   ,          9 ,-999
/wiki/Ajax_Sportsplex                                                         ,         13 ,-999
/wiki/La_Ruta_de_los_Conquistadores                                           ,          7 ,-999
/wiki/Field_hockey                                                            ,         56 ,-999
/wiki/Mexico                                                                  ,         89 ,-999
/wiki/North_American_Plate                                                    ,         12 ,-999
/wiki/Craton                                                                  ,          9 ,-999
/wiki/Nature_(journal)                                                        ,         16 ,-999
/wiki/Magdalena_Skipper                                                       ,         13 ,-999
/wiki/Camel_racing                                                            ,         14 ,-999
/wiki/Mount_Stromlo                                                           ,         12 ,-999
/wiki/Tennent_(district)                                                      ,         11 ,-999
"/wiki/Rivett,_Australian_Capital_Territory"                                  ,         11 ,-999
/wiki/Postcodes_in_Australia                                                  ,         10 ,-999
/wiki/South_Australia                                                         ,         50 ,-999
/wiki/Nuyts_Archipelago                                                       ,         15 ,-999
/wiki/Nicolas_Baudin_Island                                                   ,         10 ,-999
"/wiki/Lucky_Bay,_South_Australia"                                            ,         11 ,-999
/wiki/Eastern_Cove_(South_Australia)                                          ,         13 ,-999
/wiki/Gazetteer_of_Australia                                                  ,          6 ,-999
/wiki/Zimbabwe                                                                ,         77 ,-999
/wiki/Bikita_District                                                         ,         10 ,-999
/wiki/Lithium                                                                 ,         38 ,-999
/wiki/Half-life                                                               ,         26 ,-999
/wiki/Lindemann%E2%80%93Weierstrass_theorem                                   ,        135 ,-999
/wiki/Pi                                                                      ,        177 ,-999
/wiki/Coulomb%27s_law                                                         ,        167 ,-999
/wiki/Electromagnetic_force                                                   ,         13 ,-999
/wiki/Pauli_exclusion_principle                                               ,         26 ,-999
/wiki/Identical_particles                                                     ,         92 ,-999
/wiki/Paralympic_Games                                                        ,        100 ,-999
/wiki/Unlicensed_assistive_personnel                                          ,         14 ,-999
/wiki/Nursing_home_care_in_the_United_States                                  ,         13 ,-999
/wiki/Flophouse                                                               ,         11 ,-999
/wiki/Hostel                                                                  ,         18 ,-999
/wiki/Sports_tourism                                                          ,         13 ,-999
/wiki/Wikivoyage                                                              ,         15 ,-999
/wiki/Road_bicycle_racing                                                     ,         19 ,-999
/wiki/Olympic_Games                                                           ,        123 ,-999
/wiki/1998_Winter_Olympics                                                    ,        246 ,-999
/wiki/1940_Summer_Olympics                                                    ,         17 ,-999
/wiki/Rowing_(sport)                                                          ,         31 ,-999
/wiki/Animals_in_sport                                                        ,         16 ,-999
/wiki/Jessica_Pierce                                                          ,          9 ,-999
/wiki/Animal_testing_regulations                                              ,          8 ,-999
/wiki/Trail_orienteering                                                      ,         13 ,-999
/wiki/Enduro_(mountain_biking)                                                ,          8 ,-999
/wiki/Allos                                                                   ,         67 ,-999
/wiki/Montsalier                                                              ,         17 ,-999
"/wiki/Venterol,_Alpes-de-Haute-Provence"                                     ,         18 ,-999
/wiki/Dirt_jumping                                                            ,         17 ,-999
/wiki/3x3_basketball                                                          ,         26 ,-999
/wiki/Abdel_Moneim_Wahby                                                      ,         14 ,-999
/wiki/Radivoj_Kora%C4%87                                                      ,         24 ,-999
/wiki/Ettore_Messina                                                          ,         12 ,-999
/wiki/Nico_Mannion                                                            ,         12 ,-999
/wiki/Tyrese_Maxey                                                            ,         15 ,-999
/wiki/UCLA_Bruins_men%27s_basketball                                          ,         35 ,-999
/wiki/Kansas_Jayhawks_men%27s_basketball                                      ,         48 ,-999
/wiki/1926%E2%80%9327_Kansas_Jayhawks_men%27s_basketball_team                 ,          7 ,-999
/wiki/1946%E2%80%9347_Kansas_Jayhawks_men%27s_basketball_team                 ,          6 ,-999
/wiki/1946-47_Idaho_Vandals_men%27s_basketball_team                           ,          7 ,-999
/wiki/1981%E2%80%9382_Idaho_Vandals_men%27s_basketball_team                   ,         10 ,-999
/wiki/Penticton                                                               ,         34 ,-999
/wiki/Salmon_Arm                                                              ,         27 ,-999
/wiki/Area_code_236                                                           ,          6 ,-999
/wiki/Area_code                                                               ,         13 ,-999
/wiki/CYCLADES                                                                ,         10 ,-999
/wiki/Reliable_byte_stream                                                    ,          7 ,-999
/wiki/Sea_Otter_Classic                                                       ,        171 ,-999
/wiki/J%C3%A9r%C3%B4me_Chiotti                                                ,         20 ,-999
/wiki/Drag_racing                                                             ,         37 ,-999
/wiki/V_de_V_Challenge_Monoplace                                              ,         17 ,-999
/wiki/Tatuus_N.T07                                                            ,         10 ,-999
/wiki/Tatuus_FT-60                                                            ,          9 ,-999
/wiki/Tatuus_F4-T421                                                          ,         25 ,-999
/wiki/Tower_running                                                           ,          8 ,-999
/wiki/Single_track_(mountain_biking)                                          ,         10 ,-999
/wiki/Fire_road                                                               ,         18 ,-999
/wiki/Fire_police                                                             ,         13 ,-999
"/wiki/Burlington_County,_New_Jersey"                                         ,         33 ,-999
/wiki/Lumberton_Township_School_District                                      ,          7 ,-999
/wiki/Cycling                                                                 ,         44 ,-999
/wiki/Unicycle_trials                                                         ,          9 ,-999
/wiki/Motorcycle_trial                                                        ,         13 ,-999
/wiki/Trial_des_Nations                                                       ,        148 ,-999
/wiki/UCI_Track_Cycling_World_Championships                                   ,        280 ,-999
/wiki/2003_UCI_Track_Cycling_World_Championships                              ,         71 ,-999
/wiki/1964_UCI_Track_Cycling_World_Championships                              ,         48 ,-999
/wiki/Aquathlon                                                               ,         11 ,-999
/wiki/Cross-country_eliminator                                                ,          6 ,-999
/wiki/Red_Bull_Rampage                                                        ,        322 ,-999
/wiki/Dietrich_Mateschitz                                                     ,         68 ,-999
/wiki/FC_Liefering                                                            ,         68 ,-999
/wiki/Mixed-sex_sports                                                        ,         12 ,-999
/wiki/W_Series_(championship)                                                 ,         46 ,-999
/wiki/Eventing                                                                ,         26 ,-999
/wiki/Downhill_bike                                                           ,          8 ,-999
/wiki/Downhill_mountain_biking                                                ,         19 ,-999
/wiki/Crankworx                                                               ,          8 ,-999
/wiki/Greg_Minnaar                                                            ,         56 ,-999
/wiki/Slovenia                                                                ,         77 ,-999
/wiki/Albanians_in_Slovenia                                                   ,         11 ,-999
/wiki/Mountain_bike                                                           ,         16 ,-999
/wiki/Skyrunning                                                              ,          8 ,-999
/wiki/Rugby_sevens                                                            ,         23 ,-999
/wiki/New_Zealand_Women%27s_Sevens                                            ,         23 ,-999
/wiki/South_Canterbury_Rugby_Football_Union                                   ,          9 ,-999
/wiki/New_Zealand_women%27s_national_rugby_sevens_team                        ,         77 ,-999
/wiki/2014%E2%80%9315_World_Rugby_Women%27s_Sevens_Series                     ,        139 ,-999
/wiki/Fatbike                                                                 ,         15 ,-999
/wiki/Trail                                                                   ,         39 ,-999
/wiki/Northern_England                                                        ,        112 ,-999
/wiki/53rd_parallel_north                                                     ,         36 ,-999
/wiki/Inner_Mongolia                                                          ,         85 ,-999
/wiki/Evenks                                                                  ,         35 ,-999
/wiki/Ebike                                                                   ,         41 ,-999
/wiki/Winter_Olympic_sports                                                   ,        187 ,-999
/wiki/Half_marathon                                                           ,        176 ,-999
/wiki/Valentina_Yegorova                                                      ,         25 ,-999
/wiki/Icetrack_cycling                                                        ,         13 ,-999
/wiki/Ice_bar                                                                 ,         12 ,-999
/wiki/Mexico_City                                                             ,        173 ,-999
/wiki/Romanians                                                               ,        115 ,-999
/wiki/Outline_of_Romania                                                      ,         28 ,-999
/wiki/Prime_Minister_of_Romania                                               ,         12 ,-999
/wiki/Metropolitan_areas_in_Romania                                           ,          9 ,-999
/wiki/Lower_Danube_metropolitan_area                                          ,          9 ,-999
/wiki/Constan%C8%9Ba_metropolitan_area                                        ,          8 ,-999
"/wiki/Valu_lui_Traian,_Constan%C8%9Ba"                                       ,         12 ,-999
"/wiki/Dumbr%C4%83veni,_Constan%C8%9Ba"                                       ,         11 ,-999
/wiki/Cross-country_skiing_(sport)                                            ,         50 ,-999
/wiki/Pickup_truck_racing                                                     ,         11 ,-999
/wiki/Radio-controlled_car                                                    ,         34 ,-999
/wiki/Throttle                                                                ,         16 ,-999
/wiki/Autofeather                                                             ,          8 ,-999
/wiki/Thrust_lapse                                                            ,        126 ,-999
/wiki/Black_box                                                               ,         15 ,-999
/wiki/Control_system                                                          ,         15 ,-999
/wiki/Control_loop                                                            ,          9 ,-999
/wiki/1996_Summer_Olympics                                                    ,        517 ,-999
/wiki/1994_Winter_Olympics                                                    ,        210 ,-999
/wiki/Pigeon_racing                                                           ,         34 ,-999
/wiki/Human%E2%80%93dinosaur_coexistence                                      ,         12 ,-999
/wiki/Cendrawasih_(dance)                                                     ,         19 ,-999
/wiki/Tor-tor                                                                 ,         16 ,-999
/wiki/Greyhound_racing                                                        ,         14 ,-999
/wiki/Obedience_trial                                                         ,         13 ,-999
/wiki/American_Kennel_Club                                                    ,         11 ,-999
/wiki/Gun_dog                                                                 ,         19 ,-999
/wiki/Colorado                                                                ,         69 ,-999
/wiki/Sport                                                                   ,         37 ,-999
/wiki/Season_(sports)                                                         ,        118 ,-999
/wiki/2014%E2%80%9315_European_Rugby_Champions_Cup                            ,        185 ,-999
/wiki/Barnet_Copthall                                                         ,         14 ,-999
/wiki/Hussein_M%27Barki                                                       ,          6 ,-999
/wiki/Peter_Gill_(rugby_league)                                               ,          7 ,-999
/wiki/Henry_Paul                                                              ,         11 ,-999
/wiki/Joe_Vagana                                                              ,          9 ,-999
/wiki/2002_Super_League_Grand_Final                                           ,         54 ,-999
/wiki/Anthony_Stewart_(rugby_league)                                          ,          7 ,-999
/wiki/2000_NRL_season                                                         ,        361 ,-999
/wiki/Rod_Maybon                                                              ,          6 ,-999
/wiki/South_Sydney_Rabbitohs                                                  ,         68 ,-999
/wiki/Australian_rules_football_in_New_South_Wales                            ,        126 ,-999
/wiki/Australian_rules_football_in_Wales                                      ,         20 ,-999
/wiki/Ski_orienteering                                                        ,         41 ,-999
/wiki/Longboarding                                                            ,         13 ,-999
/wiki/Road_running                                                            ,         15 ,-999
/wiki/50_kilometres_race_walk                                                 ,        182 ,-999
/wiki/2005_World_Championships_in_Athletics                                   ,        204 ,-999
/wiki/Markku_Niinim%C3%A4ki                                                   ,         16 ,-999
/wiki/Horse_racing                                                            ,         42 ,-999
/wiki/Betting_pool                                                            ,          7 ,-999
/wiki/Bill_James                                                              ,         17 ,-999
/wiki/Glicko_rating_system                                                    ,         50 ,-999
/wiki/2016_UCI_Mountain_Bike_World_Cup                                        ,        367 ,-999
/wiki/Tahn%C3%A9e_Seagrave                                                    ,         13 ,-999
/wiki/Skateboarding                                                           ,         29 ,-999
/wiki/Route_choice_(orienteering)                                             ,          9 ,-999
/wiki/Volleyball                                                              ,         34 ,-999
/wiki/Shooting_sports                                                         ,         81 ,-999
/wiki/Katniss_Everdeen                                                        ,         10 ,-999
/wiki/Vietnam_War                                                             ,        135 ,-999
/wiki/Independence_Palace                                                     ,         18 ,-999
/wiki/Ho_Chi_Minh_Campaign                                                    ,         20 ,-999
/wiki/Megavalanche                                                            ,        180 ,-999
/wiki/Canoe_orienteering                                                      ,         13 ,-999
/wiki/Street_racing                                                           ,         21 ,-999
/wiki/Shuto_Expressway                                                        ,         44 ,-999
/wiki/D%C5%8D-%C5%8C_Expressway                                               ,         46 ,-999
/wiki/Higashikyushu_Expressway                                                ,         52 ,-999
/wiki/Auto_racing                                                             ,         44 ,-999
/wiki/Sled_dog_racing                                                         ,         15 ,-999
/wiki/Marathon_swimming                                                       ,         10 ,-999
/wiki/Motorsport                                                              ,         40 ,-999
/wiki/Motorsport_in_Ireland                                                   ,         25 ,-999
/wiki/Wakeboarding                                                            ,         14 ,-999
/wiki/List_of_water_sports                                                    ,         11 ,-999
/wiki/Skimboarding                                                            ,         16 ,-999
/wiki/Rock_(geology)                                                          ,         25 ,-999
/wiki/Lithification                                                           ,          8 ,-999
/wiki/Pressure                                                                ,         72 ,-999
/wiki/Thumbtack                                                               ,         14 ,-999
/wiki/Doi_(identifier)                                                        ,         14 ,-999
/wiki/ISO/IEC_9797-1                                                          ,          8 ,-999
/wiki/MPEG-4                                                                  ,          7 ,-999
/wiki/F%C3%A9d%C3%A9ration_Internationale_de_Motocyclisme                     ,         26 ,-999
/wiki/Ice_Speedway_of_Nations                                                 ,        176 ,-999
/wiki/MTB_Himalaya                                                            ,          8 ,-999
/wiki/Mandi_district                                                          ,         31 ,-999
/wiki/Sardar_Vallabhbhai_Patel_Cluster_University                             ,          7 ,-999
/wiki/Chaudhary_Sarwan_Kumar_Himachal_Pradesh_Krishi_Vishvavidyalaya          ,         10 ,-999
"/wiki/Una,_Himachal_Pradesh"                                                 ,         11 ,-999
/wiki/Traditional_dances_of_Himachal_Pradesh                                  ,          7 ,-999
/wiki/Bommalattam                                                             ,          7 ,-999
/wiki/Puranas                                                                 ,         25 ,-999
/wiki/Hindu_texts                                                             ,         21 ,-999
/wiki/Prak%E1%B9%9Bti                                                         ,          8 ,-999
/wiki/Long-distance_running                                                   ,         21 ,-999
/wiki/Racewalking                                                             ,         17 ,-999
/wiki/Yan_Hong_(racewalker)                                                   ,         12 ,-999
/wiki/Yelena_Nikolayeva_(racewalker)                                          ,         54 ,-999
/wiki/Backward_running                                                        ,          9 ,-999
/wiki/Canada                                                                  ,         68 ,-999
/wiki/Toronto_Stock_Exchange                                                  ,         59 ,-999
/wiki/Canadian_Natural_Resources                                              ,         15 ,-999
/wiki/M._Elizabeth_Cannon                                                     ,          7 ,-999
/wiki/Order_of_Canada                                                         ,         29 ,-999
/wiki/Lester_B._Pearson                                                       ,        158 ,-999
/wiki/1965_Canadian_federal_election                                          ,         26 ,-999
/wiki/Marathon                                                                ,        378 ,-999
/wiki/Rock_%27n%27_Roll_San_Diego_Marathon                                    ,         89 ,-999
/wiki/Rock_%27n%27_Roll_San_Jose_Half_Marathon                                ,         35 ,-999
/wiki/Downtown_San_Jose                                                       ,         21 ,-999
/wiki/New_Almaden                                                             ,         26 ,-999
/wiki/Firefighter                                                             ,         40 ,-999
/wiki/Shift_work                                                              ,         16 ,-999
/wiki/Blue-collar_worker                                                      ,         14 ,-999
/wiki/Loss_of_rights_due_to_conviction_for_criminal_offense                   ,          7 ,-999
/wiki/Gravel_racing                                                           ,         11 ,-999
/wiki/Fencing                                                                 ,         36 ,-999
/wiki/Slot_car_racing                                                         ,         25 ,-999
/wiki/Handball                                                                ,         26 ,-999
/wiki/Beach_Handball_World_Championships                                      ,        245 ,-999
/wiki/Freeride_(mountain_biking)                                              ,         15 ,-999
/wiki/Offshore_powerboat_racing                                               ,         11 ,-999
/wiki/Duathlon                                                                ,         13 ,-999
/wiki/Catriona_Morrison                                                       ,         19 ,-999
/wiki/Emma_Pooley                                                             ,         85 ,-999
/wiki/Mountain_marathon                                                       ,         11 ,-999
/wiki/Competition_climbing                                                    ,         22 ,-999
/wiki/List_of_forms_of_racing                                                 ,         15 ,-999
/wiki/Jet_sprint_boat_racing                                                  ,          8 ,-999
/wiki/Electric_bicycle                                                        ,         41 ,-999
/wiki/Middle-distance_running                                                 ,         13 ,-999
/wiki/India                                                                   ,        132 ,-999
/wiki/SAARC                                                                   ,         89 ,-999
/wiki/Eastern_philosophy                                                      ,         29 ,-999
/wiki/Functionalism_(philosophy_of_mind)                                      ,         14 ,-999
/wiki/Sexual_selection_in_humans                                              ,         22 ,-999
/wiki/Baseball                                                                ,         51 ,-999
/wiki/Union_Association                                                       ,         21 ,-999
/wiki/St._Louis_Maroons                                                       ,          7 ,-999
/wiki/Boston_Braves                                                           ,         24 ,-999
/wiki/1918_World_Series                                                       ,         13 ,-999
/wiki/This_Old_Cub                                                            ,          7 ,-999
/wiki/Inshore_powerboat_racing                                                ,         21 ,-999
/wiki/Bicycle_motocross                                                       ,         13 ,-999
/wiki/Rock_climbing                                                           ,         68 ,-999
/wiki/Volume_hold                                                             ,         14 ,-999
/wiki/Competition_bouldering                                                  ,         22 ,-999
/wiki/2020_UCI_Mountain_Bike_season                                           ,       1121 ,-999
/wiki/Glossary_of_cycling                                                     ,         23 ,-999
/wiki/Rhythmic_gymnastics                                                     ,         83 ,-999
/wiki/UCI_Mountain_Bike_World_Championships                                   ,         59 ,-999
/wiki/Ciudad_Ju%C3%A1rez                                                      ,         36 ,-999
/wiki/Mexico_North_Western_Railway                                            ,          8 ,-999
/wiki/Nuevo_Casas_Grandes                                                     ,         14 ,-999
"/wiki/Parral,_Chihuahua"                                                     ,         24 ,-999
/wiki/K%C3%B6ppen_climate_classification                                      ,         32 ,-999
/wiki/Chubut_Province                                                         ,         23 ,-999
/wiki/Fell_running                                                            ,         14 ,-999
/wiki/Fastpacking                                                             ,          8 ,-999
/wiki/International_Orienteering_Federation                                   ,         92 ,-999
/wiki/World_Orienteering_Championships                                        ,        168 ,-999
/wiki/Costa_Rica                                                              ,        101 ,-999
/wiki/Maur%C3%ADcio_Campos_de_Medeiros                                        ,         52 ,-999
/wiki/Macfarlane_Burnet                                                       ,         65 ,-999
/wiki/2021_Nobel_Prize_in_Physiology_or_Medicine                              ,         11 ,-999
/wiki/Guido_Imbens                                                            ,         15 ,-999
/wiki/Paul_Milgrom                                                            ,         11 ,-999
/wiki/UCI_Mountain_Bike_World_Cup                                             ,        685 ,-999
/wiki/Annabella_Stropparo                                                     ,         15 ,-999
/wiki/Cycling_at_the_1996_Summer_Olympics_%E2%80%93_Women%27s_cross-country   ,         55 ,-999
/wiki/Basketball                                                              ,         61 ,-999
/wiki/Sandboarding                                                            ,         11 ,-999
/wiki/Ski_resorts                                                             ,         34 ,-999
/wiki/Air_racing                                                              ,         17 ,-999
/wiki/1921_in_aviation                                                        ,          8 ,-999
/wiki/Palisade                                                                ,         16 ,-999
/wiki/Buoy_anti-tank_obstacle                                                 ,         10 ,-999
/wiki/Cheval_de_frise                                                         ,         12 ,-999
/wiki/Beach_racing                                                            ,          9 ,-999
/wiki/Speed_skating                                                           ,         26 ,-999
/wiki/Zuiderzee                                                               ,         20 ,-999
/wiki/IJ_(bay)                                                                ,         19 ,-999
/wiki/Badminton                                                               ,         45 ,-999
/wiki/Orienteering_map                                                        ,         14 ,-999
/wiki/Beach_volleyball                                                        ,         36 ,-999
"/wiki/Redondo_Beach,_California"                                             ,         39 ,-999
/wiki/Buddy_Handleson                                                         ,          8 ,-999
/wiki/Hydroplane_racing                                                       ,         11 ,-999
"/wiki/Virgin,_UT"                                                            ,         16 ,-999
"/wiki/Shivwits,_Utah"                                                        ,         13 ,-999
/wiki/Paiute_Indian_Tribe_of_Utah                                             ,         14 ,-999
"/wiki/Hatton,_Utah"                                                          ,          7 ,-999
/wiki/Canoeing                                                                ,         15 ,-999
/wiki/Boxing                                                                  ,         65 ,-999
/wiki/List_of_boxing_films                                                    ,         12 ,-999
/wiki/The_Great_White_Hope_(film)                                             ,          7 ,-999
/wiki/Cycle_speedway                                                          ,         11 ,-999
/wiki/Team_time_trials                                                        ,         12 ,-999
/wiki/UCI_Women%27s_Team                                                      ,         83 ,-999
/wiki/Coupe_du_Monde_Cycliste_F%C3%A9minine_de_Montr%C3%A9al                  ,         21 ,-999
/wiki/Touring_car_racing                                                      ,         58 ,-999
/wiki/Push-to-pass                                                            ,          9 ,-999
/wiki/Kinetic_energy_recovery_system                                          ,         10 ,-999
/wiki/Porsche_918                                                             ,         22 ,-999
/wiki/Porsche_Holding                                                         ,         14 ,-999
/wiki/Porsche_Vision_Gran_Turismo                                             ,         72 ,-999
/wiki/Jaguar_Vision_Gran_Turismo_SV                                           ,          8 ,-999
/wiki/Gran_Turismo_2                                                          ,         25 ,-999
/wiki/McFarland_%26_Company                                                   ,         10 ,-999
/wiki/Medieval_studies                                                        ,         13 ,-999
/wiki/Territorial_evolution_of_the_United_States                              ,        354 ,-999
/wiki/33rd_parallel_north                                                     ,         36 ,-999
/wiki/Antarctic_Circle                                                        ,         26 ,-999
/wiki/70th_meridian_east                                                      ,         26 ,-999
/wiki/Synchronized_swimming                                                   ,         16 ,-999
/wiki/Cross_country_running                                                   ,        126 ,-999
/wiki/UCI_Mountain_Bike_%26_Trials_World_Championships                        ,         59 ,-999
/wiki/Open_water_swimming                                                     ,         17 ,-999
"/wiki/Manly,_New_South_Wales"                                                ,         35 ,-999
/wiki/Huntington_Beach                                                        ,         59 ,-999
/wiki/562_area_code                                                           ,          7 ,-999
/wiki/Slalom_skateboarding                                                    ,          8 ,-999
/wiki/Street_skateboarding                                                    ,         42 ,-999
/wiki/X_Games                                                                 ,        129 ,-999
/wiki/Mitchie_Brusco                                                          ,         21 ,-999
/wiki/MegaRamp                                                                ,          8 ,-999
/wiki/Lacrosse_sixes                                                          ,          7 ,-999
/wiki/Paralympic_swimming                                                     ,         11 ,-999
/wiki/Wheelchair_tennis                                                       ,          9 ,-999
/wiki/Para-badminton                                                          ,          8 ,-999
/wiki/Dual_slalom                                                             ,         10 ,-999
/wiki/Sunrise_Park_Resort                                                     ,         39 ,-999
/wiki/Fort_Apache_Indian_Reservation                                          ,         20 ,-999
/wiki/Dustinn_Craig                                                           ,          6 ,-999
/wiki/Foot_orienteering                                                       ,         35 ,-999
/wiki/Tennis                                                                  ,        144 ,-999
/wiki/Softball                                                                ,         38 ,-999
/wiki/Wrestling                                                               ,         36 ,-999
/wiki/Squash_(sport)                                                          ,         78 ,-999
/wiki/Czech_Squash_Association                                                ,         11 ,-999
/wiki/Oceania_Squash_Federation                                               ,         27 ,-999
/wiki/24_hour_mountain_bike_races                                             ,          6 ,-999
/wiki/Ed_Hunt                                                                 ,         11 ,-999
/wiki/Golf                                                                    ,         37 ,-999
/wiki/United_States                                                           ,         77 ,-999
/wiki/Parkways                                                                ,         18 ,-999
/wiki/Collector_road                                                          ,          8 ,-999
/wiki/Elevated_highway                                                        ,          9 ,-999
/wiki/BMX_racing                                                              ,         17 ,-999
/wiki/National_Pedal_Sport_Association                                        ,          8 ,-999
"/wiki/Dunedin,_Florida"                                                      ,         27 ,-999
"/wiki/Redington_Shores,_Florida"                                             ,         15 ,-999
"/wiki/Ridgecrest,_Florida"                                                   ,         10 ,-999
/wiki/Hurdling                                                                ,         20 ,-999
"/wiki/Aspen,_Colorado"                                                       ,         40 ,-999
/wiki/Stock_car_racing                                                        ,         30 ,-999
/wiki/Dirt_track_racing_in_New_Zealand                                        ,          8 ,-999
/wiki/Baypark_Stadium                                                         ,         10 ,-999
/wiki/Perth_Rectangular_Stadium                                               ,         88 ,-999
/wiki/Gold_Coast_Sports_Precinct                                              ,          8 ,-999
/wiki/Gold_Coast_United                                                       ,        100 ,-999
/wiki/Moreton_Bay_United_FC                                                   ,         10 ,-999
/wiki/Crested_Butte                                                           ,         28 ,-999
/wiki/Chupacabras_(cycling_race)                                              ,          8 ,-999
/wiki/Chupacabras                                                             ,         15 ,-999
/wiki/Xoloitzcuintle                                                          ,         17 ,-999
/wiki/Cape_Epic                                                               ,        113 ,-999
/wiki/Formula_racing                                                          ,         24 ,-999
/wiki/Bike_trials_riding                                                      ,         18 ,-999
/wiki/Amateur_radio_direction_finding                                         ,         20 ,-999
/wiki/Alpine_skiing                                                           ,         22 ,-999
/wiki/Stem_(skiing)                                                           ,          9 ,-999
/wiki/Canoe_slalom                                                            ,         13 ,-999
/wiki/International_Triathlon_Union                                           ,         12 ,-999
/wiki/World_Rugby                                                             ,        177 ,-999
/wiki/Chinese_Rugby_Football_Association                                      ,          8 ,-999
/wiki/Tonga_Rugby_Union                                                       ,          9 ,-999
/wiki/Speed_climbing                                                          ,         73 ,-999
/wiki/Central_Saanich                                                         ,         23 ,-999
"/wiki/Maple_Ridge,_British_Columbia"                                         ,         25 ,-999
/wiki/Alexz_Johnson                                                           ,         17 ,-999
/wiki/Air_Bud                                                                 ,          7 ,-999
/wiki/Bill_Cobbs                                                              ,          9 ,-999
/wiki/Antagonist                                                              ,         10 ,-999
/wiki/Character_(arts)                                                        ,          9 ,-999
/wiki/Father_figure                                                           ,          8 ,-999
/wiki/Cat_lady                                                                ,          9 ,-999
/wiki/Maureen_Hunter                                                          ,          8 ,-999
/wiki/Canadians                                                               ,         33 ,-999
/wiki/Water_polo                                                              ,         31 ,-999
/wiki/Albstadt                                                                ,         31 ,-999
/wiki/Vehicle_registration_plate                                              ,        113 ,-999
/wiki/Porcelain                                                               ,         32 ,-999
/wiki/Heinrich_von_Br%C3%BChl                                                 ,         18 ,-999
/wiki/Kabbalah                                                                ,         40 ,-999
/wiki/Isaac_Luria                                                             ,         13 ,-999
/wiki/Moses_de_Leon                                                           ,         10 ,-999
/wiki/Crown_of_Castile                                                        ,         33 ,-999
/wiki/Count_of_Barcelona                                                      ,         74 ,-999
/wiki/War_of_the_Spanish_Succession                                           ,        111 ,-999
/wiki/French%E2%80%93Habsburg_rivalry                                         ,         19 ,-999
/wiki/Dual_Alliance_(1879)                                                    ,         21 ,-999
/wiki/Bulgarian_Exarchate                                                     ,         26 ,-999
/wiki/Bitola                                                                  ,        110 ,-999
/wiki/Welcome_to_Sarajevo                                                     ,          7 ,-999
/wiki/Greed_(2019_film)                                                       ,          8 ,-999
/wiki/Philip_Green                                                            ,         10 ,-999
/wiki/Hampstead_Garden_Suburb                                                 ,         41 ,-999
/wiki/Stepney                                                                 ,         61 ,-999
/wiki/Transmissible_diseases                                                  ,         11 ,-999
/wiki/Latent_period_(epidemiology)                                            ,          7 ,-999
/wiki/Minimal_infective_dose                                                  ,         17 ,-999
/wiki/Gastrointestinal_disease                                                ,         11 ,-999
/wiki/Faeces                                                                  ,         21 ,-999
/wiki/Excretion                                                               ,         12 ,-999
/wiki/Terrestrial_animal                                                      ,         10 ,-999
/wiki/Spider                                                                  ,         56 ,-999
/wiki/Titanoecidae                                                            ,         11 ,-999
/wiki/National_Center_for_Biotechnology_Information                           ,         12 ,-999
/wiki/Peer_review                                                             ,         10 ,-999
/wiki/White_paper                                                             ,          6 ,-999
/wiki/Electronic_publishing                                                   ,         10 ,-999
/wiki/Botswana                                                                ,         64 ,-999
/wiki/Human_Development_Index                                                 ,        272 ,-999
/wiki/List_of_countries_by_population_in_1900                                 ,        287 ,-999
/wiki/Maldives                                                                ,        116 ,-999
/wiki/List_of_countries_by_GDP_(nominal)                                      ,        222 ,-999
/wiki/GDP_of_Romania                                                          ,        428 ,-999
/wiki/Steeplechase_(athletics)                                                ,         20 ,-999
/wiki/Relay_race                                                              ,         21 ,-999
/wiki/Kart_racing                                                             ,         20 ,-999
/wiki/Aquatic_sports                                                          ,         11 ,-999
/wiki/Ekiden                                                                  ,         23 ,-999
/wiki/Cyclo-cross                                                             ,         30 ,-999
/wiki/Judo                                                                    ,         38 ,-999
/wiki/ARB_(martial_art)                                                       ,         15 ,-999
/wiki/Paralympic_sports                                                       ,         66 ,-999
/wiki/2023_UCI_Mountain_Bike_season                                           ,       3771 ,-999
/wiki/Pamporovo                                                               ,         14 ,-999
/wiki/Smolyan_Province                                                        ,         14 ,-999
/wiki/Provinces_of_Bulgaria                                                   ,         17 ,-999
/wiki/Municipalities_of_Bulgaria                                              ,         43 ,-999
/wiki/Track_and_field                                                         ,         45 ,-999
/wiki/Gymnastics                                                              ,         33 ,-999
/wiki/Track_racing                                                            ,         15 ,-999
/wiki/Enduro_(mountain-biking)                                                ,          8 ,-999
/wiki/Drag_boat_racing                                                        ,          9 ,-999
/wiki/Surfing                                                                 ,         42 ,-999
/wiki/Truck_racing                                                            ,         17 ,-999
/wiki/Modern_pentathlon                                                       ,         21 ,-999
/wiki/Trail_running                                                           ,         15 ,-999
/wiki/Off-road_racing                                                         ,         12 ,-999
/wiki/Artistic_gymnastics                                                     ,         75 ,-999
/wiki/Track_cycling                                                           ,         16 ,-999
/wiki/Mountain_bike_orienteering                                              ,         32 ,-999
/wiki/Diving_(sport)                                                          ,         32 ,-999
/wiki/Aquatic_timing_system                                                   ,          8 ,-999
/wiki/Colorado_Time_Systems                                                   ,          6 ,-999
/wiki/Parkour                                                                 ,         23 ,-999
/wiki/Ice_tool                                                                ,         13 ,-999
/wiki/Deuter_Sport                                                            ,         13 ,-999
/wiki/RECCO                                                                   ,         11 ,-999
/wiki/Sweden                                                                  ,        111 ,-999
/wiki/Stockholm_Exhibition_(1930)                                             ,         19 ,-999
/wiki/International_Electrotechnical_Exhibition                               ,         26 ,-999
/wiki/Exposition_Universelle_(1889)                                           ,         61 ,-999
/wiki/Galerie_des_machines                                                    ,         16 ,-999
/wiki/Grand_Palais                                                            ,         26 ,-999
"/wiki/Sainte-Trinit%C3%A9,_Paris"                                            ,         45 ,-999
/wiki/Parc_de_Bercy                                                           ,         18 ,-999
/wiki/AccorHotels_Arena                                                       ,         20 ,-999
/wiki/Marathon_Mountain_Bike_Races                                            ,          7 ,-999
/wiki/Mountain_Mayhem                                                         ,          8 ,-999
/wiki/Association_football                                                    ,         52 ,-999
/wiki/Athenaeus                                                               ,         10 ,-999
/wiki/Hetaira                                                                 ,         17 ,-999
/wiki/Sport_of_athletics                                                      ,         43 ,-999
/wiki/Olympic_weightlifting                                                   ,         16 ,-999
/wiki/Swimming_(sport)                                                        ,         25 ,-999
/wiki/Mountain_running                                                        ,         10 ,-999
/wiki/Adventure_racing                                                        ,         20 ,-999
/wiki/Ultramarathon                                                           ,         61 ,-999
/wiki/Westfield_Ultra_Marathon                                                ,          9 ,-999
/wiki/Canberra_Marathon                                                       ,         99 ,-999
/wiki/Sydney_Morning_Herald                                                   ,         16 ,-999
/wiki/H._G._Kippax                                                            ,          7 ,-999
/wiki/Suez_Crisis                                                             ,         63 ,-999
/wiki/Ba%27athist_Iraq                                                        ,         49 ,-999
/wiki/Mahdi_Dakhlallah                                                        ,          6 ,-999
/wiki/Ahmad_Hassan_(Syrian_politician)                                        ,          6 ,-999
/wiki/Greco-Roman_wrestling                                                   ,         18 ,-999
/wiki/United_Kingdom                                                          ,         91 ,-999
/wiki/Motorcycle_racing                                                       ,         32 ,-999
/wiki/Cross_triathlon                                                         ,          9 ,-999
/wiki/Olympic_sports                                                          ,        187 ,-999
/wiki/Flag_football                                                           ,         13 ,-999
/wiki/Dressage                                                                ,         21 ,-999
/wiki/Mountain_bike_trials                                                    ,         18 ,-999
/wiki/Rogaining                                                               ,         14 ,-999
/wiki/South_Africa                                                            ,        117 ,-999
/wiki/Sol_Plaatje                                                             ,         17 ,-999
/wiki/National_Executive_Committee_of_the_African_National_Congress           ,         17 ,-999
/wiki/Joel_Netshitenzhe                                                       ,          6 ,-999
/wiki/Speechwriter                                                            ,         11 ,-999
/wiki/Ethos                                                                   ,         13 ,-999
/wiki/Richard_M._Weaver                                                       ,         14 ,-999
/wiki/Vanderbilt_University                                                   ,         76 ,-999
/wiki/South_Florida_Bulls                                                     ,         45 ,-999
/wiki/South_Florida_Bulls_track_and_field                                     ,         12 ,-999
/wiki/University_of_South_Florida_College_of_Public_Health                    ,         10 ,-999
"/wiki/Tampa,_Florida"                                                        ,         99 ,-999
/wiki/Sports_car_racing                                                       ,         23 ,-999
/wiki/2009_UCI_Mountain_Bike_%26_Trials_World_Championships                   ,         82 ,-999
/wiki/Rally_raid                                                              ,         11 ,-999
/wiki/Freestyle_BMX                                                           ,         24 ,-999
/wiki/2022_UCI_Mountain_Bike_season                                           ,       5706 ,-999
/wiki/Four-cross                                                              ,          9 ,-999
/wiki/Trampolining                                                            ,         17 ,-999
/wiki/Jetsprint                                                               ,          8 ,-999
/wiki/Triathlon                                                               ,         25 ,-999
/wiki/Waterfall                                                               ,         28 ,-999
/wiki/River_Continuum_Concept                                                 ,          6 ,-999
/wiki/Marathon_mountain_bike_race                                             ,          7 ,-999
/wiki/Taekwondo                                                               ,         32 ,-999
"/wiki/Durango,_Colorado"                                                     ,         23 ,-999
/wiki/Sprint_(running)                                                        ,         30 ,-999
/wiki/Motocross                                                               ,         26 ,-999
/wiki/1963_FIM_Motocross_World_Championship                                   ,        200 ,-999
/wiki/Bultaco                                                                 ,         16 ,-999
/wiki/Hurtan                                                                  ,         19 ,-999
/wiki/Running                                                                 ,         31 ,-999
/wiki/Australopithecus                                                        ,         34 ,-999
/wiki/Timeline_of_human_evolution                                             ,         45 ,-999
/wiki/Genetic_history_of_Southern_Africa                                      ,          8 ,-999
/wiki/Race_and_genetics                                                       ,         14 ,-999
/wiki/BioMed_Central                                                          ,         13 ,-999
/wiki/Iclicker                                                                ,         11 ,-999
/wiki/Sports_in_Asia                                                          ,         27 ,-999
/wiki/Rally_Japan                                                             ,         40 ,-999
/wiki/Hokkaid%C5%8D                                                           ,        440 ,-999
/wiki/Okhotsk_Subprefecture                                                   ,         47 ,-999
"/wiki/Ky%C5%8Dwa,_Hokkaido"                                                  ,         17 ,-999
/wiki/Outline_of_sports                                                       ,         26 ,-999
/wiki/Sport_in_Puntland                                                       ,         15 ,-999
/wiki/Sport_in_Morocco                                                        ,          8 ,-999
/wiki/List_of_indoor_arenas_in_Morocco                                        ,         11 ,-999
/wiki/List_of_indoor_arenas_in_Spain                                          ,        131 ,-999
/wiki/Regional_basketball_competitions_in_Spain                               ,         11 ,-999
/wiki/Valencian_Community                                                     ,         95 ,-999
/wiki/Valencian_Community_motorcycle_Grand_Prix                               ,        118 ,-999
/wiki/International_Handball_Federation                                       ,        325 ,-999
/wiki/List_of_cheerleaders                                                    ,         13 ,-999
/wiki/International_Floorball_Federation                                      ,        126 ,-999
/wiki/Ju-Jitsu_International_Federation                                       ,         39 ,-999
/wiki/Sports_in_North_America                                                 ,          6 ,-999
/wiki/United_States_soccer_league_system                                      ,         10 ,-999
/wiki/Elite_Clubs_National_League                                             ,         80 ,-999
/wiki/United_States_women%27s_national_under-18_soccer_team                   ,         39 ,-999
/wiki/United_States_men%27s_national_under-16_ice_hockey_team                 ,         28 ,-999
/wiki/United_States_men%27s_national_CP_soccer_team                           ,         16 ,-999
/wiki/Sport_in_Africa                                                         ,         10 ,-999
/wiki/Louis_Phal                                                              ,         10 ,-999
"/wiki/Adam_Clayton_Powell,_Sr."                                              ,          9 ,-999
/wiki/Mulatto                                                                 ,         32 ,-999
/wiki/People_of_the_Dominican_Republic                                        ,        122 ,-999
/wiki/International_World_Games_Association                                   ,         11 ,-999
/wiki/Regulation_of_sport                                                     ,         11 ,-999
/wiki/Fan_(person)                                                            ,         26 ,-999
/wiki/Sports_radio                                                            ,         13 ,-999
/wiki/History_of_sport                                                        ,         30 ,-999
/wiki/The_Ashes                                                               ,         77 ,-999
/wiki/Australian_cricket_team_in_England_in_1977                              ,         24 ,-999
/wiki/International_Rogaining_Federation                                      ,         19 ,-999
/wiki/International_Biathlon_Union                                            ,         71 ,-999
/wiki/Sports_podcast                                                          ,         12 ,-999
/wiki/International_Teqball_Federation                                        ,        186 ,-999
/wiki/F%C3%A9d%C3%A9ration_A%C3%A9ronautique_Internationale                   ,         44 ,-999
/wiki/International_Aerobatic_Club                                            ,          7 ,-999
/wiki/Vicki_Cruse                                                             ,          9 ,-999
/wiki/Sports_injury                                                           ,         14 ,-999
/wiki/International_Cheer_Union                                               ,          8 ,-999
/wiki/Sports_periodization                                                    ,         11 ,-999
/wiki/Sports_league                                                           ,         10 ,-999
/wiki/Sports_rating_system                                                    ,         16 ,-999
/wiki/International_Soft_Tennis_Federation                                    ,         90 ,-999
/wiki/Yokkaichi                                                               ,         47 ,-999
/wiki/Suita                                                                   ,         34 ,-999
"/wiki/Nishinari-ku,_Osaka"                                                   ,         14 ,-999
/wiki/International_Federation_of_Model_Auto_Racing                           ,        439 ,-999
/wiki/ICF_Canoe_Ocean_Racing_World_Championships                              ,        175 ,-999
/wiki/International_Association_of_Ultrarunners                               ,         10 ,-999
/wiki/International_Pickleball_Federation                                     ,         91 ,-999
/wiki/Sport_in_Oceania                                                        ,         15 ,-999
/wiki/Architecture_of_Oceania                                                 ,        270 ,-999
/wiki/Hagia_Irene                                                             ,         38 ,-999
/wiki/Daphni_Monastery                                                        ,         24 ,-999
/wiki/Byzantine%E2%80%93Genoese_War_(1348%E2%80%931349)                       ,         12 ,-999
/wiki/Donald_M._Nicol                                                         ,          7 ,-999
/wiki/University_College_Dublin                                               ,         37 ,-999
/wiki/Milltown_Institute_of_Theology_and_Philosophy                           ,         10 ,-999
/wiki/John_Navone                                                             ,         12 ,-999
/wiki/Edmund_Campion                                                          ,         21 ,-999
/wiki/John_de_Britto                                                          ,         19 ,-999
/wiki/Tamil_Nadu                                                              ,         87 ,-999
/wiki/Culture_of_Tamil_Nadu                                                   ,         87 ,-999
/wiki/Multi-sport_event                                                       ,         10 ,-999
/wiki/Sport_psychology                                                        ,         18 ,-999
/wiki/Union_Internationale_de_Pentathlon_Moderne                              ,          8 ,-999
/wiki/Sports_magazine                                                         ,         46 ,-999
/wiki/Doping_in_sport                                                         ,         23 ,-999
/wiki/Olympic_Athletes_from_Russia                                            ,        312 ,-999
/wiki/Sergei_Andronov                                                         ,         24 ,-999
/wiki/2011%E2%80%9312_KHL_season                                              ,        144 ,-999
/wiki/World_Skate                                                             ,          9 ,-999
/wiki/Rink_Hockey_American_Championship                                       ,         93 ,-999
/wiki/Tug_of_War_International_Federation                                     ,         84 ,-999
/wiki/Israel                                                                  ,         87 ,-999
/wiki/Shabbat                                                                 ,         21 ,-999
/wiki/Jewish_greetings                                                        ,          7 ,-999
/wiki/Ocean_Rowing_Society_International                                      ,          8 ,-999
/wiki/Trust_law                                                               ,         16 ,-999
/wiki/Divorce                                                                 ,         22 ,-999
/wiki/Boyfriend                                                               ,         12 ,-999
/wiki/Platonic_love                                                           ,         13 ,-999
/wiki/Bhakti                                                                  ,         25 ,-999
/wiki/International_Federation_of_Sleddog_Sports                              ,         44 ,-999
/wiki/General_manager                                                         ,         14 ,-999
/wiki/International_Federation_of_Broomball_Associations                      ,          7 ,-999
/wiki/Catholic_Church                                                         ,         86 ,-999
/wiki/Roman_imperial_cult                                                     ,         34 ,-999
/wiki/World_Rowing_Federation                                                 ,         13 ,-999
/wiki/International_Confederation_of_Fullbore_Rifle_Associations              ,        214 ,-999
/wiki/Shooting_sport                                                          ,         81 ,-999
/wiki/World_Landsailing_Organisation                                          ,         31 ,-999
/wiki/International_Shooting_Sport_Federation                                 ,         14 ,-999
/wiki/1912_Summer_Olympics                                                    ,        141 ,-999
/wiki/Sports_betting                                                          ,         28 ,-999
/wiki/National_League_(English_football)                                      ,         86 ,-999
/wiki/Welsh_football_league_system                                            ,         12 ,-999
/wiki/Gwynedd_League                                                          ,         12 ,-999
/wiki/Llanrwst_United_F.C.                                                    ,         21 ,-999
/wiki/Disciplinary_action                                                     ,          8 ,-999
/wiki/Prayer_motion                                                           ,          8 ,-999
/wiki/Politics_of_the_United_Kingdom                                          ,         36 ,-999
/wiki/Oil_industry_in_Scotland                                                ,         11 ,-999
/wiki/First_Minister_of_Scotland                                              ,         26 ,-999
/wiki/1989_European_Parliament_election_in_the_United_Kingdom                 ,        128 ,-999
/wiki/1999_European_Parliament_election_in_the_Netherlands                    ,         42 ,-999
/wiki/List_of_GroenLinks_Members_of_the_European_Parliament                   ,         26 ,-999
/wiki/2004_European_Parliament_election_in_the_Netherlands                    ,         44 ,-999
/wiki/International_Sepaktakraw_Federation                                    ,         66 ,-999
/wiki/Sports_economics                                                        ,         10 ,-999
/wiki/Sports_marketing                                                        ,         15 ,-999
/wiki/Sports_equipment                                                        ,         21 ,-999
/wiki/Cricket_bat                                                             ,         16 ,-999
/wiki/Laws_of_Cricket                                                         ,         12 ,-999
/wiki/Artillery_Ground                                                        ,          8 ,-999
/wiki/Barking_Park                                                            ,         14 ,-999
/wiki/London_Transport_Museum                                                 ,         29 ,-999
/wiki/Tate                                                                    ,         21 ,-999
"/wiki/National_Gallery,_London"                                              ,        137 ,-999
/wiki/Number_(sports)                                                         ,         33 ,-999
/wiki/Linebacker                                                              ,         20 ,-999
/wiki/Game_manager                                                            ,          7 ,-999
/wiki/Slotback                                                                ,         13 ,-999
/wiki/Yards_from_scrimmage                                                    ,          7 ,-999
/wiki/Touchdown_pass                                                          ,          7 ,-999
/wiki/Snap_(football)                                                         ,         13 ,-999
/wiki/Total_offense                                                           ,          7 ,-999
/wiki/Federation_for_International_FootGolf                                   ,          6 ,-999
/wiki/Federation_Internationale_de_Savate                                     ,        272 ,-999
/wiki/International_Federation_of_Match_Poker                                 ,         13 ,-999
/wiki/International_Kempo_Federation                                          ,         97 ,-999
/wiki/Broadcasting_of_sports_events                                           ,         15 ,-999
/wiki/Television_show                                                         ,         19 ,-999
/wiki/Grip_(job)                                                              ,         13 ,-999
/wiki/Process_trailer                                                         ,          8 ,-999
/wiki/Western_sports                                                          ,         19 ,-999
/wiki/Sports_team                                                             ,         15 ,-999
/wiki/International_Federation_for_Equestrian_Sports                          ,         29 ,-999
/wiki/International_Bobsleigh_and_Skeleton_Federation                         ,         23 ,-999
/wiki/List_of_natural_luge_tracks                                             ,         87 ,-999
/wiki/Moos_in_Passeier                                                        ,         17 ,-999
/wiki/Eppan_an_der_Weinstra%C3%9Fe                                            ,         17 ,-999
/wiki/International_Go_Federation                                             ,         10 ,-999
/wiki/Northern_Ireland_Federation_of_Sub-Aqua_Clubs                           ,          7 ,-999
/wiki/Northern_Ireland_Billiards_and_Snooker_Association                      ,          6 ,-999
/wiki/Tennis_Wales                                                            ,         11 ,-999
/wiki/Criccieth                                                               ,         32 ,-999
/wiki/Liberal_Party_(UK)                                                      ,         91 ,-999
/wiki/Thomas_Babington_Macaulay                                               ,         23 ,-999
/wiki/Jos%C3%A9_Mattoso                                                       ,          9 ,-999
/wiki/Timor                                                                   ,         50 ,-999
/wiki/Tertiary                                                                ,          8 ,-999
/wiki/National_Olympic_Committee                                              ,        591 ,-999
/wiki/Canadian_Olympic_Committee                                              ,         14 ,-999
/wiki/Chilean_Olympic_Committee                                               ,         12 ,-999
/wiki/List_of_companies_of_Chile                                              ,         12 ,-999
/wiki/Union_of_South_American_Nations                                         ,        123 ,-999
/wiki/P%C3%A1gina/12                                                          ,         13 ,-999
/wiki/Cristina_Kirchner                                                       ,         64 ,-999
/wiki/2007_Argentine_general_election                                         ,         24 ,-999
/wiki/Sportsmanship                                                           ,         15 ,-999
/wiki/Fair_Play_Award_(disambiguation)                                        ,          7 ,-999
/wiki/Fair_Play_Trophy_(disambiguation)                                       ,          7 ,-999
/wiki/AFL_Commission                                                          ,          8 ,-999
/wiki/Interstate_matches_in_Australian_rules_football                         ,        114 ,-999
/wiki/Mulrooney_Medal                                                         ,          6 ,-999
"/wiki/Keith_Miller_(footballer,_born_1953)"                                  ,          6 ,-999
/wiki/Violence_in_sports                                                      ,         17 ,-999
/wiki/1984_Major_League_Baseball_season                                       ,         40 ,-999
/wiki/1984_San_Francisco_Giants_season                                        ,          6 ,-999
/wiki/Bob_Lurie                                                               ,          6 ,-999
/wiki/1957_in_baseball                                                        ,         29 ,-999
/wiki/1922_in_baseball                                                        ,         36 ,-999
/wiki/Cincinnati_Reds                                                         ,         54 ,-999
/wiki/Crosley_Field                                                           ,         29 ,-999
/wiki/F%C3%A9d%C3%A9ration_Internationale_d%27Escrime                         ,        177 ,-999
/wiki/FIBA                                                                    ,        232 ,-999
/wiki/International_Boxing_Association                                        ,         20 ,-999
/wiki/World_Series_of_Boxing                                                  ,         59 ,-999
/wiki/Sports_nutrition                                                        ,         15 ,-999
/wiki/Conf%C3%A9d%C3%A9ration_Internationale_de_la_P%C3%AAche_Sportive        ,         14 ,-999
/wiki/Adams_(dry_fly)                                                         ,         10 ,-999
/wiki/List_of_fly_fishing_waters_in_Europe                                    ,         10 ,-999
/wiki/World_Lacrosse                                                          ,        106 ,-999
/wiki/World_Lacrosse_Men%27s_U20_Championship                                 ,         89 ,-999
/wiki/International_Tent_Pegging_Federation                                   ,         18 ,-999
/wiki/Philosophy_of_sport                                                     ,         11 ,-999
/wiki/Booing                                                                  ,          9 ,-999
/wiki/Seattle_Seahawks                                                        ,         43 ,-999
/wiki/Seattle_Storm                                                           ,         42 ,-999
/wiki/2006_WNBA_season                                                        ,         10 ,-999
/wiki/Union_Internationale_Motonautique                                       ,         75 ,-999
/wiki/United_World_Wrestling                                                  ,         19 ,-999
/wiki/International_Table_Hockey_Federation                                   ,          9 ,-999
/wiki/Physical_activity                                                       ,         15 ,-999
/wiki/Physical_fitness                                                        ,         21 ,-999
/wiki/Civil_courage                                                           ,          6 ,-999
/wiki/Self-transcendence                                                      ,          6 ,-999
/wiki/Exercise_equipment                                                      ,         20 ,-999
/wiki/Keg                                                                     ,         12 ,-999
/wiki/Bung                                                                    ,         14 ,-999
/wiki/Package_theft                                                           ,         10 ,-999
/wiki/FIDE                                                                    ,         26 ,-999
/wiki/Bent_Larsen                                                             ,         12 ,-999
/wiki/Rotterdam                                                               ,        130 ,-999
/wiki/Kop_van_Zuid                                                            ,         13 ,-999
/wiki/Nooddorp                                                                ,         11 ,-999
/wiki/F%C3%A9d%C3%A9ration_Internationale_de_Volleyball                       ,        193 ,-999
/wiki/Snow_volleyball                                                         ,          7 ,-999
/wiki/International_Powerlifting_Federation                                   ,          8 ,-999
/wiki/Sports_science                                                          ,         15 ,-999
/wiki/World_Squash_Federation                                                 ,         85 ,-999
/wiki/International_Mixed_Martial_Arts_Federation                             ,         33 ,-999
/wiki/Sports_memorabilia                                                      ,         13 ,-999
/wiki/World_Flying_Disc_Federation                                            ,        591 ,-999
/wiki/Badminton_World_Federation                                              ,         36 ,-999
/wiki/Parasports                                                              ,         16 ,-999
/wiki/International_Federation_of_Muaythai_Associations                       ,        525 ,-999
/wiki/Official_World_Golf_Ranking                                             ,        163 ,-999
/wiki/Japan_Open_Golf_Championship                                            ,        226 ,-999
/wiki/Ben_Arda                                                                ,         28 ,-999
/wiki/Invictus_Games                                                          ,         29 ,-999
/wiki/Military_sports                                                         ,         42 ,-999
/wiki/Mascot                                                                  ,         20 ,-999
/wiki/Brand_ambassador                                                        ,          7 ,-999
/wiki/Celebrity_branding                                                      ,         13 ,-999
/wiki/International_Kendo_Federation                                          ,         91 ,-999
/wiki/International_University_Sports_Federation                              ,         12 ,-999
/wiki/Minor_league                                                            ,         11 ,-999
/wiki/Dominican_Winter_Baseball_League                                        ,         17 ,-999
/wiki/Ball                                                                    ,         44 ,-999
/wiki/Trade_(sports)                                                          ,          9 ,-999
/wiki/Federation_of_International_Touch                                       ,         56 ,-999
/wiki/Federation_of_International_Polo                                        ,        169 ,-999
/wiki/Asunci%C3%B3n                                                           ,        134 ,-999
/wiki/Mestizo                                                                 ,         66 ,-999
/wiki/Sports_biomechanics                                                     ,          9 ,-999
/wiki/Kinetics_(physics)                                                      ,         10 ,-999
/wiki/Statistical_mechanics                                                   ,         20 ,-999
/wiki/Information_entropy                                                     ,        175 ,-999
/wiki/Motion_estimation                                                       ,          9 ,-999
/wiki/RANSAC                                                                  ,         21 ,-999
/wiki/Random_sample_consensus                                                 ,         21 ,-999
/wiki/Caving_equipment                                                        ,         12 ,-999
/wiki/Subterranean_waterfall                                                  ,          9 ,-999
/wiki/World_Dodgeball_Federation                                              ,          7 ,-999
/wiki/International_Bowling_Federation                                        ,         21 ,-999
/wiki/West_Germany                                                            ,         33 ,-999
/wiki/World_Athletics                                                         ,         54 ,-999
/wiki/Athletics_Federation_of_S%C3%A3o_Tom%C3%A9_and_Pr%C3%ADncipe            ,          9 ,-999
/wiki/Ligue_de_Martinique_d%27Athl%C3%A9tisme                                 ,         12 ,-999
/wiki/International_Street_and_Ball_Hockey_Federation                         ,        137 ,-999
/wiki/World_Baseball_Softball_Confederation                                   ,        274 ,-999
/wiki/2024_in_sports                                                          ,       2030 ,-999
/wiki/Sport_pedagogy                                                          ,         10 ,-999
/wiki/Sport_management                                                        ,         11 ,-999
/wiki/World_Sailing                                                           ,         42 ,-999
/wiki/Laser_Radial                                                            ,        423 ,-999
/wiki/Highlander_(dinghy)                                                     ,          9 ,-999
/wiki/Physical_education                                                      ,         23 ,-999
/wiki/Brain_cell                                                              ,          9 ,-999
/wiki/Neuron                                                                  ,         34 ,-999
/wiki/Supraoptic_nucleus                                                      ,          8 ,-999
/wiki/NeuroNames                                                              ,         15 ,-999
/wiki/List_of_Washington_Huskies_football_seasons                             ,          6 ,-999
/wiki/List_of_UCLA_Bruins_football_seasons                                    ,          6 ,-999
/wiki/AP_Poll                                                                 ,          7 ,-999
/wiki/International_Jump_Rope_Union                                           ,          6 ,-999
/wiki/International_Fistball_Association                                      ,         74 ,-999
/wiki/World_Triathlon                                                         ,         12 ,-999
/wiki/World_Bridge_Federation                                                 ,          9 ,-999
/wiki/Grand_Slam_(BBC_TV)                                                     ,          6 ,-999
/wiki/Duplicate_bridge_movements                                              ,          7 ,-999
/wiki/International_Aikido_Federation                                         ,          8 ,-999
/wiki/Maai                                                                    ,          9 ,-999
/wiki/Kenjutsu                                                                ,         14 ,-999
/wiki/World_Karate_Federation                                                 ,        211 ,-999
/wiki/International_Weightlifting_Federation                                  ,         10 ,-999
/wiki/International_Federation_of_American_Football                           ,         86 ,-999
/wiki/Ministry_of_sports                                                      ,         72 ,-999
/wiki/Ministry_of_petroleum                                                   ,          9 ,-999
/wiki/Commerce_minister                                                       ,         59 ,-999
/wiki/Bodybuilding_supplement                                                 ,         17 ,-999
/wiki/Macrobiotic_diet                                                        ,         18 ,-999
/wiki/Hay_diet                                                                ,          9 ,-999
/wiki/Tongue_Patch_Diet                                                       ,          8 ,-999
/wiki/Team_sport                                                              ,         41 ,-999
